<?xml version="1.0"	encoding="UTF-8"?>
<!DOCTYPE mapper PUBLIC "-//mybatis.org//DTD Mapper 3.0//EN" "http://mybatis.org/dtd/mybatis-3-mapper.dtd">

<mapper namespace="message">

	<select id="messageList" parameterType="HashMap" resultType="HashMap">
		SELECT * FROM smessageview WHERE me_readp=(SELECT sm_no FROM smember WHERE sm_id=#{sm_id }) ORDER BY me_no DESC
	</select>
	
	<select id="messageDetail" parameterType="HashMap" resultType="HashMap">
		SELECT * FROM smessageview WHERE me_no=#{openmsg } AND me_readp=(SELECT sm_no FROM smember WHERE sm_id=#{sm_id }) ORDER BY me_no DESC
	</select>
	
	<update id="readMessage" parameterType="HashMap">
		UPDATE smessage SET me_read=1 WHERE me_no=#{openmsg } AND me_readp=(SELECT sm_no FROM smember WHERE sm_id=#{sm_id })
	</update>
	
	<select id="getName" parameterType="HashMap" resultType="String">
		SELECT sm_id FROM smember WHERE sm_no=#{sendmsg }
	</select>
	
	<insert id="sendMessage" parameterType="HashMap">
		INSERT INTO smessage (me_sendp, me_readp, me_content) VALUES ((SELECT sm_no FROM smember WHERE sm_id=#{sm_id}), (SELECT sm_no FROM smember WHERE sm_id=#{sendId}), #{content} )
	</insert>
	
	<delete id="deleteMessage" parameterType="HashMap">
		DELETE FROM smessage WHERE me_no=#{deletemsg }
	</delete>
	
</mapper>


