<?xml version="1.0" encoding="UTF-8"?>
<beans xmlns="http://www.springframework.org/schema/beans"
	xmlns:xsi="http://www.w3.org/2001/XMLSchema-instance"
	xsi:schemaLocation="http://www.springframework.org/schema/beans	
http://www.springframework.org/schema/beans/spring-beans.xsd">
	<bean id="dataSourceSpied"
		class="org.apache.commons.dbcp.BasicDataSource" destroy-method="close">
		<property name="username" value="sangji0729" />
		<property name="password" value="01234567" />
		<property name="url"
			value="jdbc:mariadb://220.70.33.29:3306/sangji0729" />
		<property name="driverClassName"
			value="org.mariadb.jdbc.Driver" />
	</bean>
	<bean id="dataSource"
		class="net.sf.log4jdbc.Log4jdbcProxyDataSource">
		<constructor-arg ref="dataSourceSpied" />
		<property name="logFormatter">
			<bean class="net.sf.log4jdbc.tools.Log4JdbcCustomFormatter">
				<property name="loggingType" value="MULTI_LINE" />
				<property name="sqlPrefix" value="SQL:" />
			</bean>
		</property>
	</bean>

</beans>
