<?xml	version="1.0"	encoding="UTF-8"?>
<!DOCTYPE log4j:configuration PUBLIC "-//APACHE//DTD LOG4J 1.2//EN" "http://logging.apache.org/log4j/1.2/apidocs/org/apache/log4j/xml/doc-files/log4j.dtd">
<Configuration>
	<Appenders>
		<Console name="console" target="SYSTEM_OUT">
			<PatternLayout pattern="%d %5p [%c] %m%n" />
		</Console>

	</Appenders>
	<Loggers>
		<Logger name="jdbc.resultsettable" level="info" additivity="false">
			<AppenderRef ref="console" />
		</Logger>
		<Logger name="jdbc.sqlonly" level="info" additivity="false">
			<AppenderRef ref="console" />
		</Logger>
		<Root level="warn">
			<AppenderRef ref="console" />
		</Root>
	</Loggers>
</Configuration>